State,Week,obs_19_week
Alabama,1,1077
Alabama,2,1090
Alabama,3,1114
Alabama,4,1063
Alabama,5,1095
Alabama,6,1092
Alabama,7,1103
Alabama,8,1064
Alabama,9,1050
Alabama,10,1062
Alabama,11,1090
Alabama,12,1012
Alabama,13,1079
Alabama,14,1044
Alabama,15,1031
Alabama,16,954
Alabama,17,1042
Alabama,18,1031
Alabama,19,1009
Alabama,20,996
Alabama,21,974
Alabama,22,1027
Alabama,23,1029
Alabama,24,986
Alabama,25,989
Alabama,26,940
Alabama,27,1028
Alabama,28,1018
Alabama,29,962
Alabama,30,980
Alabama,31,984
Alabama,32,998
Alabama,33,977
Alabama,34,939
Alabama,35,975
Alabama,36,1009
Alabama,37,1000
Alabama,38,883
Alabama,39,987
Alabama,40,958
Alabama,41,907
Alabama,42,1009
Alabama,43,978
Alabama,44,937
Alabama,45,1041
Alabama,46,1070
Alabama,47,1043
Alabama,48,1038
Alabama,49,1072
Alabama,50,1081
Alabama,51,1103
Alabama,52,1035
Alaska,1,93
Alaska,2,87
Alaska,3,94
Alaska,4,88
Alaska,5,99
Alaska,6,96
Alaska,7,99
Alaska,8,76
Alaska,9,94
Alaska,10,94
Alaska,11,100
Alaska,12,71
Alaska,13,90
Alaska,14,90
Alaska,15,81
Alaska,16,78
Alaska,17,79
Alaska,18,100
Alaska,19,86
Alaska,20,91
Alaska,21,82
Alaska,22,77
Alaska,23,93
Alaska,24,75
Alaska,25,97
Alaska,26,87
Alaska,27,81
Alaska,28,91
Alaska,29,74
Alaska,30,59
Alaska,31,74
Alaska,32,86
Alaska,33,94
Alaska,34,73
Alaska,35,82
Alaska,36,71
Alaska,37,91
Alaska,38,94
Alaska,39,82
Alaska,40,93
Alaska,41,91
Alaska,42,94
Alaska,43,67
Alaska,44,81
Alaska,45,89
Alaska,46,90
Alaska,47,92
Alaska,48,103
Alaska,49,93
Alaska,50,94
Alaska,51,84
Alaska,52,100
Arizona,1,1351
Arizona,2,1350
Arizona,3,1270
Arizona,4,1253
Arizona,5,1217
Arizona,6,1204
Arizona,7,1188
Arizona,8,1313
Arizona,9,1250
Arizona,10,1252
Arizona,11,1279
Arizona,12,1192
Arizona,13,1240
Arizona,14,1254
Arizona,15,1325
Arizona,16,1167
Arizona,17,1176
Arizona,18,1160
Arizona,19,1191
Arizona,20,1139
Arizona,21,1122
Arizona,22,1168
Arizona,23,1074
Arizona,24,1149
Arizona,25,1060
Arizona,26,1122
Arizona,27,1120
Arizona,28,1165
Arizona,29,1144
Arizona,30,1068
Arizona,31,1085
Arizona,32,1085
Arizona,33,1071
Arizona,34,1063
Arizona,35,1151
Arizona,36,1176
Arizona,37,1038
Arizona,38,1079
Arizona,39,1159
Arizona,40,1102
Arizona,41,1117
Arizona,42,1139
Arizona,43,1013
Arizona,44,1121
Arizona,45,1254
Arizona,46,1197
Arizona,47,1220
Arizona,48,1119
Arizona,49,1222
Arizona,50,1193
Arizona,51,1165
Arizona,52,1219
Arkansas,1,692
Arkansas,2,601
Arkansas,3,661
Arkansas,4,650
Arkansas,5,671
Arkansas,6,665
Arkansas,7,695
Arkansas,8,723
Arkansas,9,643
Arkansas,10,686
Arkansas,11,703
Arkansas,12,671
Arkansas,13,660
Arkansas,14,645
Arkansas,15,645
Arkansas,16,616
Arkansas,17,586
Arkansas,18,588
Arkansas,19,567
Arkansas,20,607
Arkansas,21,630
Arkansas,22,565
Arkansas,23,573
Arkansas,24,635
Arkansas,25,554
Arkansas,26,564
Arkansas,27,582
Arkansas,28,580
Arkansas,29,580
Arkansas,30,539
Arkansas,31,557
Arkansas,32,592
Arkansas,33,574
Arkansas,34,587
Arkansas,35,557
Arkansas,36,528
Arkansas,37,638
Arkansas,38,601
Arkansas,39,598
Arkansas,40,564
Arkansas,41,590
Arkansas,42,610
Arkansas,43,618
Arkansas,44,595
Arkansas,45,632
Arkansas,46,671
Arkansas,47,643
Arkansas,48,664
Arkansas,49,617
Arkansas,50,660
Arkansas,51,613
Arkansas,52,706
California,1,5692
California,2,5780
California,3,5654
California,4,5519
California,5,5467
California,6,5603
California,7,5644
California,8,5818
California,9,5867
California,10,5677
California,11,5590
California,12,5531
California,13,5511
California,14,5480
California,15,5215
California,16,5200
California,17,5088
California,18,5029
California,19,5019
California,20,5062
California,21,5136
California,22,5033
California,23,5113
California,24,5183
California,25,4914
California,26,4849
California,27,4912
California,28,4819
California,29,4714
California,30,5001
California,31,4641
California,32,4763
California,33,4701
California,34,4765
California,35,4800
California,36,4846
California,37,4851
California,38,4813
California,39,4832
California,40,4966
California,41,4923
California,42,5065
California,43,5099
California,44,5135
California,45,5303
California,46,5123
California,47,5165
California,48,5181
California,49,5520
California,50,5377
California,51,5399
California,52,5567
Colorado,1,836
Colorado,2,831
Colorado,3,827
Colorado,4,768
Colorado,5,783
Colorado,6,794
Colorado,7,853
Colorado,8,810
Colorado,9,812
Colorado,10,840
Colorado,11,819
Colorado,12,809
Colorado,13,782
Colorado,14,747
Colorado,15,804
Colorado,16,757
Colorado,17,726
Colorado,18,781
Colorado,19,716
Colorado,20,768
Colorado,21,801
Colorado,22,765
Colorado,23,793
Colorado,24,714
Colorado,25,748
Colorado,26,723
Colorado,27,740
Colorado,28,707
Colorado,29,704
Colorado,30,713
Colorado,31,765
Colorado,32,687
Colorado,33,701
Colorado,34,741
Colorado,35,699
Colorado,36,774
Colorado,37,733
Colorado,38,747
Colorado,39,712
Colorado,40,730
Colorado,41,769
Colorado,42,817
Colorado,43,792
Colorado,44,752
Colorado,45,788
Colorado,46,795
Colorado,47,763
Colorado,48,739
Colorado,49,750
Colorado,50,785
Colorado,51,807
Colorado,52,842
Connecticut,1,631
Connecticut,2,628
Connecticut,3,627
Connecticut,4,734
Connecticut,5,657
Connecticut,6,689
Connecticut,7,670
Connecticut,8,681
Connecticut,9,653
Connecticut,10,644
Connecticut,11,677
Connecticut,12,682
Connecticut,13,629
Connecticut,14,636
Connecticut,15,656
Connecticut,16,598
Connecticut,17,609
Connecticut,18,613
Connecticut,19,578
Connecticut,20,574
Connecticut,21,586
Connecticut,22,558
Connecticut,23,666
Connecticut,24,537
Connecticut,25,538
Connecticut,26,591
Connecticut,27,589
Connecticut,28,591
Connecticut,29,560
Connecticut,30,588
Connecticut,31,560
Connecticut,32,596
Connecticut,33,557
Connecticut,34,565
Connecticut,35,591
Connecticut,36,562
Connecticut,37,551
Connecticut,38,596
Connecticut,39,563
Connecticut,40,579
Connecticut,41,576
Connecticut,42,603
Connecticut,43,555
Connecticut,44,611
Connecticut,45,602
Connecticut,46,639
Connecticut,47,643
Connecticut,48,657
Connecticut,49,625
Connecticut,50,642
Connecticut,51,647
Connecticut,52,625
Delaware,1,185
Delaware,2,195
Delaware,3,199
Delaware,4,186
Delaware,5,190
Delaware,6,182
Delaware,7,194
Delaware,8,187
Delaware,9,174
Delaware,10,207
Delaware,11,184
Delaware,12,177
Delaware,13,185
Delaware,14,163
Delaware,15,147
Delaware,16,183
Delaware,17,165
Delaware,18,149
Delaware,19,159
Delaware,20,163
Delaware,21,181
Delaware,22,195
Delaware,23,158
Delaware,24,172
Delaware,25,177
Delaware,26,163
Delaware,27,192
Delaware,28,180
Delaware,29,182
Delaware,30,156
Delaware,31,164
Delaware,32,185
Delaware,33,192
Delaware,34,158
Delaware,35,176
Delaware,36,175
Delaware,37,190
Delaware,38,179
Delaware,39,183
Delaware,40,178
Delaware,41,170
Delaware,42,163
Delaware,43,170
Delaware,44,160
Delaware,45,165
Delaware,46,172
Delaware,47,172
Delaware,48,180
Delaware,49,203
Delaware,50,202
Delaware,51,179
Delaware,52,185
District of Columbia,1,130
District of Columbia,2,122
District of Columbia,3,105
District of Columbia,4,116
District of Columbia,5,124
District of Columbia,6,120
District of Columbia,7,114
District of Columbia,8,113
District of Columbia,9,106
District of Columbia,10,121
District of Columbia,11,121
District of Columbia,12,104
District of Columbia,13,101
District of Columbia,14,111
District of Columbia,15,104
District of Columbia,16,113
District of Columbia,17,125
District of Columbia,18,115
District of Columbia,19,107
District of Columbia,20,88
District of Columbia,21,110
District of Columbia,22,106
District of Columbia,23,107
District of Columbia,24,104
District of Columbia,25,117
District of Columbia,26,91
District of Columbia,27,99
District of Columbia,28,107
District of Columbia,29,124
District of Columbia,30,128
District of Columbia,31,92
District of Columbia,32,109
District of Columbia,33,122
District of Columbia,34,116
District of Columbia,35,118
District of Columbia,36,121
District of Columbia,37,111
District of Columbia,38,120
District of Columbia,39,116
District of Columbia,40,96
District of Columbia,41,127
District of Columbia,42,129
District of Columbia,43,130
District of Columbia,44,138
District of Columbia,45,140
District of Columbia,46,105
District of Columbia,47,122
District of Columbia,48,119
District of Columbia,49,136
District of Columbia,50,123
District of Columbia,51,123
District of Columbia,52,156
Florida,1,4220
Florida,2,4202
Florida,3,4201
Florida,4,4180
Florida,5,4342
Florida,6,4327
Florida,7,4282
Florida,8,4165
Florida,9,4289
Florida,10,4157
Florida,11,4193
Florida,12,4190
Florida,13,4354
Florida,14,4224
Florida,15,4277
Florida,16,4102
Florida,17,4122
Florida,18,4070
Florida,19,4126
Florida,20,4097
Florida,21,3944
Florida,22,3970
Florida,23,3996
Florida,24,3863
Florida,25,3946
Florida,26,3860
Florida,27,3906
Florida,28,3904
Florida,29,3789
Florida,30,3866
Florida,31,3899
Florida,32,3700
Florida,33,3659
Florida,34,3785
Florida,35,3722
Florida,36,3723
Florida,37,3717
Florida,38,3801
Florida,39,3744
Florida,40,3832
Florida,41,3862
Florida,42,3753
Florida,43,3727
Florida,44,3886
Florida,45,3992
Florida,46,4090
Florida,47,4055
Florida,48,4045
Florida,49,4219
Florida,50,4331
Florida,51,4149
Florida,52,4309
Georgia,1,1803
Georgia,2,1743
Georgia,3,1796
Georgia,4,1731
Georgia,5,1761
Georgia,6,1671
Georgia,7,1646
Georgia,8,1714
Georgia,9,1695
Georgia,10,1717
Georgia,11,1706
Georgia,12,1692
Georgia,13,1685
Georgia,14,1654
Georgia,15,1654
Georgia,16,1644
Georgia,17,1749
Georgia,18,1713
Georgia,19,1639
Georgia,20,1560
Georgia,21,1578
Georgia,22,1624
Georgia,23,1619
Georgia,24,1575
Georgia,25,1591
Georgia,26,1515
Georgia,27,1529
Georgia,28,1589
Georgia,29,1628
Georgia,30,1621
Georgia,31,1609
Georgia,32,1573
Georgia,33,1607
Georgia,34,1540
Georgia,35,1553
Georgia,36,1598
Georgia,37,1608
Georgia,38,1531
Georgia,39,1651
Georgia,40,1593
Georgia,41,1586
Georgia,42,1592
Georgia,43,1610
Georgia,44,1665
Georgia,45,1683
Georgia,46,1666
Georgia,47,1798
Georgia,48,1731
Georgia,49,1686
Georgia,50,1711
Georgia,51,1737
Georgia,52,1775
Hawaii,1,246
Hawaii,2,210
Hawaii,3,259
Hawaii,4,228
Hawaii,5,231
Hawaii,6,220
Hawaii,7,257
Hawaii,8,236
Hawaii,9,241
Hawaii,10,264
Hawaii,11,259
Hawaii,12,251
Hawaii,13,231
Hawaii,14,251
Hawaii,15,216
Hawaii,16,217
Hawaii,17,221
Hawaii,18,209
Hawaii,19,246
Hawaii,20,233
Hawaii,21,239
Hawaii,22,212
Hawaii,23,217
Hawaii,24,241
Hawaii,25,227
Hawaii,26,221
Hawaii,27,203
Hawaii,28,246
Hawaii,29,216
Hawaii,30,236
Hawaii,31,218
Hawaii,32,212
Hawaii,33,209
Hawaii,34,209
Hawaii,35,207
Hawaii,36,215
Hawaii,37,237
Hawaii,38,236
Hawaii,39,193
Hawaii,40,229
Hawaii,41,195
Hawaii,42,226
Hawaii,43,199
Hawaii,44,205
Hawaii,45,216
Hawaii,46,203
Hawaii,47,204
Hawaii,48,214
Hawaii,49,214
Hawaii,50,225
Hawaii,51,233
Hawaii,52,256
Idaho,1,271
Idaho,2,295
Idaho,3,232
Idaho,4,274
Idaho,5,272
Idaho,6,280
Idaho,7,350
Idaho,8,304
Idaho,9,312
Idaho,10,306
Idaho,11,289
Idaho,12,274
Idaho,13,262
Idaho,14,295
Idaho,15,292
Idaho,16,305
Idaho,17,262
Idaho,18,253
Idaho,19,274
Idaho,20,277
Idaho,21,287
Idaho,22,290
Idaho,23,285
Idaho,24,279
Idaho,25,271
Idaho,26,271
Idaho,27,258
Idaho,28,244
Idaho,29,257
Idaho,30,250
Idaho,31,257
Idaho,32,246
Idaho,33,244
Idaho,34,249
Idaho,35,273
Idaho,36,282
Idaho,37,261
Idaho,38,264
Idaho,39,272
Idaho,40,267
Idaho,41,249
Idaho,42,280
Idaho,43,266
Idaho,44,299
Idaho,45,285
Idaho,46,284
Idaho,47,238
Idaho,48,267
Idaho,49,268
Idaho,50,282
Idaho,51,313
Idaho,52,285
Illinois,1,2176
Illinois,2,2109
Illinois,3,2143
Illinois,4,2130
Illinois,5,2204
Illinois,6,2269
Illinois,7,2131
Illinois,8,2105
Illinois,9,2103
Illinois,10,2112
Illinois,11,2160
Illinois,12,2053
Illinois,13,2092
Illinois,14,2122
Illinois,15,1969
Illinois,16,2014
Illinois,17,1980
Illinois,18,1985
Illinois,19,1996
Illinois,20,1995
Illinois,21,2044
Illinois,22,1998
Illinois,23,1975
Illinois,24,1898
Illinois,25,1943
Illinois,26,1908
Illinois,27,1951
Illinois,28,1856
Illinois,29,1935
Illinois,30,1866
Illinois,31,1909
Illinois,32,1877
Illinois,33,1856
Illinois,34,1891
Illinois,35,1907
Illinois,36,1843
Illinois,37,1963
Illinois,38,1962
Illinois,39,2004
Illinois,40,1970
Illinois,41,2023
Illinois,42,2124
Illinois,43,2126
Illinois,44,2021
Illinois,45,2113
Illinois,46,2129
Illinois,47,2024
Illinois,48,2091
Illinois,49,2082
Illinois,50,2132
Illinois,51,2103
Illinois,52,2172
Indiana,1,1326
Indiana,2,1329
Indiana,3,1276
Indiana,4,1325
Indiana,5,1387
Indiana,6,1407
Indiana,7,1309
Indiana,8,1367
Indiana,9,1277
Indiana,10,1331
Indiana,11,1375
Indiana,12,1337
Indiana,13,1317
Indiana,14,1356
Indiana,15,1251
Indiana,16,1262
Indiana,17,1276
Indiana,18,1262
Indiana,19,1290
Indiana,20,1255
Indiana,21,1300
Indiana,22,1213
Indiana,23,1214
Indiana,24,1206
Indiana,25,1233
Indiana,26,1219
Indiana,27,1201
Indiana,28,1171
Indiana,29,1258
Indiana,30,1155
Indiana,31,1177
Indiana,32,1186
Indiana,33,1247
Indiana,34,1141
Indiana,35,1147
Indiana,36,1217
Indiana,37,1284
Indiana,38,1208
Indiana,39,1232
Indiana,40,1190
Indiana,41,1246
Indiana,42,1266
Indiana,43,1272
Indiana,44,1341
Indiana,45,1278
Indiana,46,1291
Indiana,47,1321
Indiana,48,1320
Indiana,49,1339
Indiana,50,1326
Indiana,51,1404
Indiana,52,1325
Iowa,1,628
Iowa,2,597
Iowa,3,615
Iowa,4,615
Iowa,5,619
Iowa,6,581
Iowa,7,625
Iowa,8,650
Iowa,9,603
Iowa,10,589
Iowa,11,634
Iowa,12,633
Iowa,13,607
Iowa,14,583
Iowa,15,597
Iowa,16,588
Iowa,17,548
Iowa,18,564
Iowa,19,569
Iowa,20,529
Iowa,21,585
Iowa,22,553
Iowa,23,581
Iowa,24,589
Iowa,25,542
Iowa,26,554
Iowa,27,557
Iowa,28,622
Iowa,29,538
Iowa,30,560
Iowa,31,561
Iowa,32,551
Iowa,33,511
Iowa,34,584
Iowa,35,535
Iowa,36,571
Iowa,37,572
Iowa,38,538
Iowa,39,559
Iowa,40,613
Iowa,41,592
Iowa,42,595
Iowa,43,601
Iowa,44,615
Iowa,45,604
Iowa,46,606
Iowa,47,631
Iowa,48,553
Iowa,49,654
Iowa,50,599
Iowa,51,629
Iowa,52,636
Kansas,1,588
Kansas,2,553
Kansas,3,511
Kansas,4,541
Kansas,5,568
Kansas,6,548
Kansas,7,523
Kansas,8,563
Kansas,9,547
Kansas,10,580
Kansas,11,557
Kansas,12,533
Kansas,13,538
Kansas,14,517
Kansas,15,516
Kansas,16,482
Kansas,17,488
Kansas,18,506
Kansas,19,506
Kansas,20,493
Kansas,21,488
Kansas,22,483
Kansas,23,502
Kansas,24,473
Kansas,25,489
Kansas,26,532
Kansas,27,487
Kansas,28,491
Kansas,29,479
Kansas,30,482
Kansas,31,481
Kansas,32,479
Kansas,33,464
Kansas,34,458
Kansas,35,442
Kansas,36,523
Kansas,37,490
Kansas,38,495
Kansas,39,498
Kansas,40,497
Kansas,41,490
Kansas,42,518
Kansas,43,532
Kansas,44,495
Kansas,45,524
Kansas,46,530
Kansas,47,547
Kansas,48,461
Kansas,49,536
Kansas,50,567
Kansas,51,515
Kansas,52,557
Kentucky,1,977
Kentucky,2,1036
Kentucky,3,968
Kentucky,4,989
Kentucky,5,935
Kentucky,6,980
Kentucky,7,948
Kentucky,8,1024
Kentucky,9,1039
Kentucky,10,1061
Kentucky,11,942
Kentucky,12,976
Kentucky,13,1014
Kentucky,14,971
Kentucky,15,957
Kentucky,16,976
Kentucky,17,910
Kentucky,18,909
Kentucky,19,936
Kentucky,20,904
Kentucky,21,896
Kentucky,22,861
Kentucky,23,886
Kentucky,24,934
Kentucky,25,910
Kentucky,26,927
Kentucky,27,905
Kentucky,28,885
Kentucky,29,862
Kentucky,30,857
Kentucky,31,876
Kentucky,32,870
Kentucky,33,862
Kentucky,34,887
Kentucky,35,865
Kentucky,36,875
Kentucky,37,900
Kentucky,38,877
Kentucky,39,929
Kentucky,40,883
Kentucky,41,903
Kentucky,42,967
Kentucky,43,931
Kentucky,44,894
Kentucky,45,882
Kentucky,46,945
Kentucky,47,1009
Kentucky,48,931
Kentucky,49,937
Kentucky,50,962
Kentucky,51,1004
Kentucky,52,1089
Louisiana,1,901
Louisiana,2,919
Louisiana,3,980
Louisiana,4,947
Louisiana,5,947
Louisiana,6,959
Louisiana,7,934
Louisiana,8,945
Louisiana,9,912
Louisiana,10,889
Louisiana,11,938
Louisiana,12,927
Louisiana,13,929
Louisiana,14,893
Louisiana,15,853
Louisiana,16,840
Louisiana,17,914
Louisiana,18,864
Louisiana,19,874
Louisiana,20,823
Louisiana,21,799
Louisiana,22,872
Louisiana,23,921
Louisiana,24,869
Louisiana,25,837
Louisiana,26,834
Louisiana,27,842
Louisiana,28,865
Louisiana,29,818
Louisiana,30,808
Louisiana,31,804
Louisiana,32,844
Louisiana,33,852
Louisiana,34,812
Louisiana,35,900
Louisiana,36,802
Louisiana,37,878
Louisiana,38,888
Louisiana,39,797
Louisiana,40,791
Louisiana,41,880
Louisiana,42,915
Louisiana,43,863
Louisiana,44,821
Louisiana,45,962
Louisiana,46,952
Louisiana,47,896
Louisiana,48,896
Louisiana,49,998
Louisiana,50,915
Louisiana,51,971
Louisiana,52,893
Maine,1,310
Maine,2,285
Maine,3,321
Maine,4,309
Maine,5,271
Maine,6,295
Maine,7,283
Maine,8,314
Maine,9,291
Maine,10,331
Maine,11,298
Maine,12,312
Maine,13,328
Maine,14,298
Maine,15,294
Maine,16,284
Maine,17,294
Maine,18,287
Maine,19,295
Maine,20,253
Maine,21,261
Maine,22,262
Maine,23,262
Maine,24,279
Maine,25,274
Maine,26,256
Maine,27,294
Maine,28,254
Maine,29,275
Maine,30,269
Maine,31,274
Maine,32,260
Maine,33,277
Maine,34,278
Maine,35,272
Maine,36,266
Maine,37,260
Maine,38,293
Maine,39,287
Maine,40,267
Maine,41,280
Maine,42,277
Maine,43,299
Maine,44,309
Maine,45,277
Maine,46,309
Maine,47,289
Maine,48,273
Maine,49,280
Maine,50,299
Maine,51,273
Maine,52,288
Maryland,1,1043
Maryland,2,1001
Maryland,3,983
Maryland,4,1027
Maryland,5,1106
Maryland,6,1062
Maryland,7,954
Maryland,8,940
Maryland,9,1090
Maryland,10,1033
Maryland,11,1037
Maryland,12,1043
Maryland,13,1024
Maryland,14,1049
Maryland,15,998
Maryland,16,986
Maryland,17,942
Maryland,18,1012
Maryland,19,898
Maryland,20,932
Maryland,21,917
Maryland,22,900
Maryland,23,889
Maryland,24,967
Maryland,25,934
Maryland,26,920
Maryland,27,907
Maryland,28,878
Maryland,29,956
Maryland,30,915
Maryland,31,899
Maryland,32,930
Maryland,33,902
Maryland,34,878
Maryland,35,916
Maryland,36,926
Maryland,37,883
Maryland,38,906
Maryland,39,916
Maryland,40,891
Maryland,41,940
Maryland,42,983
Maryland,43,988
Maryland,44,940
Maryland,45,1000
Maryland,46,1026
Maryland,47,1036
Maryland,48,1023
Maryland,49,975
Maryland,50,1003
Maryland,51,962
Maryland,52,1054
Massachusetts,1,1207
Massachusetts,2,1265
Massachusetts,3,1291
Massachusetts,4,1273
Massachusetts,5,1268
Massachusetts,6,1245
Massachusetts,7,1270
Massachusetts,8,1204
Massachusetts,9,1277
Massachusetts,10,1198
Massachusetts,11,1151
Massachusetts,12,1112
Massachusetts,13,1225
Massachusetts,14,1213
Massachusetts,15,1167
Massachusetts,16,1218
Massachusetts,17,1087
Massachusetts,18,1104
Massachusetts,19,1081
Massachusetts,20,1045
Massachusetts,21,1068
Massachusetts,22,1095
Massachusetts,23,1099
Massachusetts,24,1045
Massachusetts,25,1062
Massachusetts,26,1080
Massachusetts,27,1107
Massachusetts,28,1067
Massachusetts,29,1038
Massachusetts,30,1103
Massachusetts,31,1038
Massachusetts,32,1090
Massachusetts,33,1032
Massachusetts,34,1061
Massachusetts,35,1075
Massachusetts,36,1033
Massachusetts,37,1070
Massachusetts,38,1083
Massachusetts,39,1114
Massachusetts,40,1122
Massachusetts,41,1096
Massachusetts,42,1128
Massachusetts,43,1162
Massachusetts,44,1108
Massachusetts,45,1117
Massachusetts,46,1130
Massachusetts,47,1231
Massachusetts,48,1204
Massachusetts,49,1284
Massachusetts,50,1179
Massachusetts,51,1148
Massachusetts,52,1205
Michigan,1,1922
Michigan,2,1943
Michigan,3,1992
Michigan,4,1938
Michigan,5,1945
Michigan,6,1956
Michigan,7,1847
Michigan,8,1888
Michigan,9,2043
Michigan,10,1982
Michigan,11,1980
Michigan,12,1908
Michigan,13,1850
Michigan,14,1871
Michigan,15,1889
Michigan,16,1829
Michigan,17,1892
Michigan,18,1830
Michigan,19,1809
Michigan,20,1841
Michigan,21,1889
Michigan,22,1817
Michigan,23,1789
Michigan,24,1810
Michigan,25,1808
Michigan,26,1811
Michigan,27,1815
Michigan,28,1831
Michigan,29,1853
Michigan,30,1726
Michigan,31,1792
Michigan,32,1791
Michigan,33,1759
Michigan,34,1740
Michigan,35,1733
Michigan,36,1808
Michigan,37,1749
Michigan,38,1791
Michigan,39,1854
Michigan,40,1825
Michigan,41,1808
Michigan,42,1939
Michigan,43,1910
Michigan,44,1921
Michigan,45,1955
Michigan,46,1964
Michigan,47,1974
Michigan,48,1924
Michigan,49,1983
Michigan,50,1974
Michigan,51,2008
Michigan,52,1963
Minnesota,1,921
Minnesota,2,945
Minnesota,3,954
Minnesota,4,898
Minnesota,5,937
Minnesota,6,983
Minnesota,7,892
Minnesota,8,873
Minnesota,9,805
Minnesota,10,912
Minnesota,11,856
Minnesota,12,826
Minnesota,13,871
Minnesota,14,851
Minnesota,15,854
Minnesota,16,874
Minnesota,17,820
Minnesota,18,860
Minnesota,19,883
Minnesota,20,911
Minnesota,21,815
Minnesota,22,874
Minnesota,23,846
Minnesota,24,803
Minnesota,25,790
Minnesota,26,793
Minnesota,27,826
Minnesota,28,846
Minnesota,29,785
Minnesota,30,818
Minnesota,31,846
Minnesota,32,886
Minnesota,33,847
Minnesota,34,825
Minnesota,35,823
Minnesota,36,846
Minnesota,37,762
Minnesota,38,906
Minnesota,39,883
Minnesota,40,879
Minnesota,41,916
Minnesota,42,892
Minnesota,43,839
Minnesota,44,873
Minnesota,45,860
Minnesota,46,938
Minnesota,47,890
Minnesota,48,870
Minnesota,49,923
Minnesota,50,892
Minnesota,51,932
Minnesota,52,1006
Mississippi,1,658
Mississippi,2,649
Mississippi,3,637
Mississippi,4,624
Mississippi,5,653
Mississippi,6,706
Mississippi,7,674
Mississippi,8,652
Mississippi,9,633
Mississippi,10,647
Mississippi,11,628
Mississippi,12,635
Mississippi,13,596
Mississippi,14,659
Mississippi,15,632
Mississippi,16,568
Mississippi,17,603
Mississippi,18,639
Mississippi,19,624
Mississippi,20,610
Mississippi,21,627
Mississippi,22,656
Mississippi,23,617
Mississippi,24,610
Mississippi,25,563
Mississippi,26,581
Mississippi,27,569
Mississippi,28,628
Mississippi,29,576
Mississippi,30,530
Mississippi,31,601
Mississippi,32,643
Mississippi,33,578
Mississippi,34,598
Mississippi,35,532
Mississippi,36,594
Mississippi,37,615
Mississippi,38,539
Mississippi,39,580
Mississippi,40,588
Mississippi,41,574
Mississippi,42,564
Mississippi,43,585
Mississippi,44,597
Mississippi,45,639
Mississippi,46,621
Mississippi,47,636
Mississippi,48,597
Mississippi,49,630
Mississippi,50,684
Mississippi,51,662
Mississippi,52,608
Missouri,1,1283
Missouri,2,1355
Missouri,3,1308
Missouri,4,1278
Missouri,5,1282
Missouri,6,1324
Missouri,7,1382
Missouri,8,1291
Missouri,9,1277
Missouri,10,1315
Missouri,11,1340
Missouri,12,1312
Missouri,13,1276
Missouri,14,1186
Missouri,15,1214
Missouri,16,1224
Missouri,17,1252
Missouri,18,1232
Missouri,19,1143
Missouri,20,1278
Missouri,21,1270
Missouri,22,1177
Missouri,23,1153
Missouri,24,1181
Missouri,25,1188
Missouri,26,1277
Missouri,27,1256
Missouri,28,1245
Missouri,29,1186
Missouri,30,1226
Missouri,31,1151
Missouri,32,1176
Missouri,33,1191
Missouri,34,1159
Missouri,35,1183
Missouri,36,1196
Missouri,37,1176
Missouri,38,1181
Missouri,39,1254
Missouri,40,1163
Missouri,41,1163
Missouri,42,1199
Missouri,43,1190
Missouri,44,1264
Missouri,45,1240
Missouri,46,1323
Missouri,47,1313
Missouri,48,1255
Missouri,49,1225
Missouri,50,1247
Missouri,51,1257
Missouri,52,1332
Montana,1,221
Montana,2,207
Montana,3,210
Montana,4,227
Montana,5,205
Montana,6,221
Montana,7,218
Montana,8,231
Montana,9,224
Montana,10,242
Montana,11,209
Montana,12,208
Montana,13,186
Montana,14,208
Montana,15,198
Montana,16,227
Montana,17,180
Montana,18,195
Montana,19,195
Montana,20,192
Montana,21,189
Montana,22,185
Montana,23,201
Montana,24,193
Montana,25,168
Montana,26,207
Montana,27,193
Montana,28,170
Montana,29,196
Montana,30,219
Montana,31,187
Montana,32,186
Montana,33,175
Montana,34,193
Montana,35,202
Montana,36,205
Montana,37,186
Montana,38,185
Montana,39,197
Montana,40,210
Montana,41,201
Montana,42,203
Montana,43,203
Montana,44,189
Montana,45,199
Montana,46,186
Montana,47,181
Montana,48,196
Montana,49,230
Montana,50,200
Montana,51,194
Montana,52,171
Nebraska,1,371
Nebraska,2,385
Nebraska,3,346
Nebraska,4,368
Nebraska,5,343
Nebraska,6,336
Nebraska,7,339
Nebraska,8,374
Nebraska,9,362
Nebraska,10,352
Nebraska,11,317
Nebraska,12,325
Nebraska,13,344
Nebraska,14,354
Nebraska,15,314
Nebraska,16,349
Nebraska,17,321
Nebraska,18,308
Nebraska,19,322
Nebraska,20,347
Nebraska,21,305
Nebraska,22,312
Nebraska,23,302
Nebraska,24,305
Nebraska,25,313
Nebraska,26,291
Nebraska,27,305
Nebraska,28,309
Nebraska,29,311
Nebraska,30,304
Nebraska,31,320
Nebraska,32,300
Nebraska,33,346
Nebraska,34,288
Nebraska,35,298
Nebraska,36,304
Nebraska,37,311
Nebraska,38,323
Nebraska,39,327
Nebraska,40,321
Nebraska,41,366
Nebraska,42,326
Nebraska,43,353
Nebraska,44,316
Nebraska,45,314
Nebraska,46,329
Nebraska,47,341
Nebraska,48,300
Nebraska,49,344
Nebraska,50,348
Nebraska,51,381
Nebraska,52,359
Nevada,1,537
Nevada,2,544
Nevada,3,563
Nevada,4,506
Nevada,5,542
Nevada,6,570
Nevada,7,518
Nevada,8,519
Nevada,9,599
Nevada,10,548
Nevada,11,512
Nevada,12,537
Nevada,13,500
Nevada,14,546
Nevada,15,517
Nevada,16,525
Nevada,17,543
Nevada,18,520
Nevada,19,491
Nevada,20,491
Nevada,21,477
Nevada,22,467
Nevada,23,508
Nevada,24,526
Nevada,25,490
Nevada,26,482
Nevada,27,485
Nevada,28,495
Nevada,29,498
Nevada,30,441
Nevada,31,510
Nevada,32,483
Nevada,33,483
Nevada,34,483
Nevada,35,478
Nevada,36,477
Nevada,37,485
Nevada,38,475
Nevada,39,497
Nevada,40,471
Nevada,41,526
Nevada,42,420
Nevada,43,465
Nevada,44,492
Nevada,45,513
Nevada,46,508
Nevada,47,513
Nevada,48,501
Nevada,49,498
Nevada,50,514
Nevada,51,527
Nevada,52,540
New Hampshire,1,238
New Hampshire,2,240
New Hampshire,3,264
New Hampshire,4,261
New Hampshire,5,283
New Hampshire,6,240
New Hampshire,7,274
New Hampshire,8,268
New Hampshire,9,254
New Hampshire,10,231
New Hampshire,11,252
New Hampshire,12,255
New Hampshire,13,246
New Hampshire,14,263
New Hampshire,15,210
New Hampshire,16,221
New Hampshire,17,251
New Hampshire,18,243
New Hampshire,19,233
New Hampshire,20,211
New Hampshire,21,224
New Hampshire,22,220
New Hampshire,23,193
New Hampshire,24,180
New Hampshire,25,253
New Hampshire,26,222
New Hampshire,27,206
New Hampshire,28,219
New Hampshire,29,225
New Hampshire,30,227
New Hampshire,31,204
New Hampshire,32,261
New Hampshire,33,219
New Hampshire,34,208
New Hampshire,35,253
New Hampshire,36,219
New Hampshire,37,244
New Hampshire,38,222
New Hampshire,39,235
New Hampshire,40,235
New Hampshire,41,227
New Hampshire,42,251
New Hampshire,43,224
New Hampshire,44,252
New Hampshire,45,237
New Hampshire,46,238
New Hampshire,47,268
New Hampshire,48,237
New Hampshire,49,242
New Hampshire,50,259
New Hampshire,51,281
New Hampshire,52,247
New Jersey,1,1527
New Jersey,2,1491
New Jersey,3,1509
New Jersey,4,1545
New Jersey,5,1573
New Jersey,6,1635
New Jersey,7,1552
New Jersey,8,1508
New Jersey,9,1567
New Jersey,10,1527
New Jersey,11,1457
New Jersey,12,1512
New Jersey,13,1443
New Jersey,14,1422
New Jersey,15,1403
New Jersey,16,1392
New Jersey,17,1313
New Jersey,18,1383
New Jersey,19,1343
New Jersey,20,1358
New Jersey,21,1387
New Jersey,22,1411
New Jersey,23,1408
New Jersey,24,1338
New Jersey,25,1294
New Jersey,26,1350
New Jersey,27,1394
New Jersey,28,1395
New Jersey,29,1338
New Jersey,30,1358
New Jersey,31,1293
New Jersey,32,1334
New Jersey,33,1311
New Jersey,34,1386
New Jersey,35,1273
New Jersey,36,1329
New Jersey,37,1294
New Jersey,38,1352
New Jersey,39,1316
New Jersey,40,1356
New Jersey,41,1409
New Jersey,42,1406
New Jersey,43,1455
New Jersey,44,1324
New Jersey,45,1465
New Jersey,46,1473
New Jersey,47,1497
New Jersey,48,1430
New Jersey,49,1540
New Jersey,50,1586
New Jersey,51,1460
New Jersey,52,1572
New Mexico,1,409
New Mexico,2,447
New Mexico,3,408
New Mexico,4,358
New Mexico,5,392
New Mexico,6,369
New Mexico,7,374
New Mexico,8,378
New Mexico,9,392
New Mexico,10,350
New Mexico,11,404
New Mexico,12,401
New Mexico,13,374
New Mexico,14,337
New Mexico,15,375
New Mexico,16,347
New Mexico,17,376
New Mexico,18,359
New Mexico,19,343
New Mexico,20,341
New Mexico,21,346
New Mexico,22,348
New Mexico,23,358
New Mexico,24,357
New Mexico,25,335
New Mexico,26,340
New Mexico,27,364
New Mexico,28,377
New Mexico,29,344
New Mexico,30,311
New Mexico,31,340
New Mexico,32,321
New Mexico,33,335
New Mexico,34,342
New Mexico,35,349
New Mexico,36,390
New Mexico,37,331
New Mexico,38,367
New Mexico,39,344
New Mexico,40,376
New Mexico,41,358
New Mexico,42,328
New Mexico,43,344
New Mexico,44,356
New Mexico,45,354
New Mexico,46,340
New Mexico,47,352
New Mexico,48,408
New Mexico,49,363
New Mexico,50,376
New Mexico,51,366
New Mexico,52,378
New York,1,3234
New York,2,3157
New York,3,3223
New York,4,3320
New York,5,3143
New York,6,3274
New York,7,3122
New York,8,3142
New York,9,3109
New York,10,3287
New York,11,3118
New York,12,3059
New York,13,3110
New York,14,3047
New York,15,3006
New York,16,2881
New York,17,2806
New York,18,2965
New York,19,2847
New York,20,2933
New York,21,2987
New York,22,2626
New York,23,2831
New York,24,2841
New York,25,2798
New York,26,2894
New York,27,2845
New York,28,2716
New York,29,2924
New York,30,2773
New York,31,2864
New York,32,2852
New York,33,2800
New York,34,2677
New York,35,2720
New York,36,2781
New York,37,2714
New York,38,2808
New York,39,2868
New York,40,2922
New York,41,2998
New York,42,3000
New York,43,2898
New York,44,2917
New York,45,3061
New York,46,3083
New York,47,3018
New York,48,2981
New York,49,3192
New York,50,3096
New York,51,3123
New York,52,3194
North Carolina,1,1934
North Carolina,2,1968
North Carolina,3,1867
North Carolina,4,1898
North Carolina,5,1932
North Carolina,6,2092
North Carolina,7,2051
North Carolina,8,2043
North Carolina,9,1997
North Carolina,10,1973
North Carolina,11,1907
North Carolina,12,1873
North Carolina,13,1893
North Carolina,14,1914
North Carolina,15,1957
North Carolina,16,1822
North Carolina,17,1816
North Carolina,18,1919
North Carolina,19,1793
North Carolina,20,1775
North Carolina,21,1885
North Carolina,22,1815
North Carolina,23,1822
North Carolina,24,1861
North Carolina,25,1819
North Carolina,26,1785
North Carolina,27,1790
North Carolina,28,1678
North Carolina,29,1744
North Carolina,30,1762
North Carolina,31,1711
North Carolina,32,1787
North Carolina,33,1703
North Carolina,34,1749
North Carolina,35,1719
North Carolina,36,1758
North Carolina,37,1694
North Carolina,38,1804
North Carolina,39,1822
North Carolina,40,1850
North Carolina,41,1748
North Carolina,42,1814
North Carolina,43,1888
North Carolina,44,1738
North Carolina,45,1825
North Carolina,46,1874
North Carolina,47,1902
North Carolina,48,1814
North Carolina,49,1999
North Carolina,50,1950
North Carolina,51,1878
North Carolina,52,1998
North Dakota,1,136
North Dakota,2,143
North Dakota,3,161
North Dakota,4,136
North Dakota,5,133
North Dakota,6,130
North Dakota,7,161
North Dakota,8,138
North Dakota,9,144
North Dakota,10,117
North Dakota,11,118
North Dakota,12,145
North Dakota,13,142
North Dakota,14,172
North Dakota,15,149
North Dakota,16,138
North Dakota,17,135
North Dakota,18,166
North Dakota,19,140
North Dakota,20,153
North Dakota,21,135
North Dakota,22,164
North Dakota,23,136
North Dakota,24,155
North Dakota,25,129
North Dakota,26,136
North Dakota,27,130
North Dakota,28,137
North Dakota,29,116
North Dakota,30,135
North Dakota,31,114
North Dakota,32,142
North Dakota,33,139
North Dakota,34,163
North Dakota,35,116
North Dakota,36,122
North Dakota,37,158
North Dakota,38,128
North Dakota,39,156
North Dakota,40,139
North Dakota,41,127
North Dakota,42,162
North Dakota,43,147
North Dakota,44,135
North Dakota,45,146
North Dakota,46,157
North Dakota,47,150
North Dakota,48,147
North Dakota,49,148
North Dakota,50,142
North Dakota,51,160
North Dakota,52,145
Ohio,1,2503
Ohio,2,2553
Ohio,3,2638
Ohio,4,2549
Ohio,5,2574
Ohio,6,2390
Ohio,7,2380
Ohio,8,2406
Ohio,9,2550
Ohio,10,2629
Ohio,11,2562
Ohio,12,2455
Ohio,13,2493
Ohio,14,2549
Ohio,15,2358
Ohio,16,2351
Ohio,17,2309
Ohio,18,2254
Ohio,19,2304
Ohio,20,2230
Ohio,21,2281
Ohio,22,2230
Ohio,23,2233
Ohio,24,2283
Ohio,25,2271
Ohio,26,2336
Ohio,27,2274
Ohio,28,2271
Ohio,29,2264
Ohio,30,2248
Ohio,31,2260
Ohio,32,2232
Ohio,33,2201
Ohio,34,2266
Ohio,35,2265
Ohio,36,2221
Ohio,37,2281
Ohio,38,2337
Ohio,39,2259
Ohio,40,2264
Ohio,41,2360
Ohio,42,2314
Ohio,43,2315
Ohio,44,2374
Ohio,45,2502
Ohio,46,2414
Ohio,47,2420
Ohio,48,2404
Ohio,49,2455
Ohio,50,2497
Ohio,51,2459
Ohio,52,2531
Oklahoma,1,819
Oklahoma,2,798
Oklahoma,3,799
Oklahoma,4,813
Oklahoma,5,811
Oklahoma,6,834
Oklahoma,7,847
Oklahoma,8,840
Oklahoma,9,789
Oklahoma,10,861
Oklahoma,11,870
Oklahoma,12,854
Oklahoma,13,806
Oklahoma,14,765
Oklahoma,15,756
Oklahoma,16,722
Oklahoma,17,729
Oklahoma,18,747
Oklahoma,19,717
Oklahoma,20,818
Oklahoma,21,688
Oklahoma,22,684
Oklahoma,23,705
Oklahoma,24,721
Oklahoma,25,745
Oklahoma,26,715
Oklahoma,27,708
Oklahoma,28,763
Oklahoma,29,718
Oklahoma,30,710
Oklahoma,31,705
Oklahoma,32,705
Oklahoma,33,687
Oklahoma,34,709
Oklahoma,35,755
Oklahoma,36,710
Oklahoma,37,744
Oklahoma,38,727
Oklahoma,39,717
Oklahoma,40,703
Oklahoma,41,718
Oklahoma,42,784
Oklahoma,43,702
Oklahoma,44,732
Oklahoma,45,823
Oklahoma,46,798
Oklahoma,47,780
Oklahoma,48,767
Oklahoma,49,757
Oklahoma,50,821
Oklahoma,51,826
Oklahoma,52,788
Oregon,1,747
Oregon,2,781
Oregon,3,765
Oregon,4,719
Oregon,5,678
Oregon,6,739
Oregon,7,721
Oregon,8,756
Oregon,9,753
Oregon,10,773
Oregon,11,783
Oregon,12,782
Oregon,13,775
Oregon,14,774
Oregon,15,702
Oregon,16,740
Oregon,17,681
Oregon,18,674
Oregon,19,733
Oregon,20,707
Oregon,21,736
Oregon,22,709
Oregon,23,687
Oregon,24,667
Oregon,25,746
Oregon,26,670
Oregon,27,660
Oregon,28,699
Oregon,29,673
Oregon,30,680
Oregon,31,658
Oregon,32,662
Oregon,33,670
Oregon,34,652
Oregon,35,663
Oregon,36,691
Oregon,37,690
Oregon,38,663
Oregon,39,714
Oregon,40,734
Oregon,41,689
Oregon,42,741
Oregon,43,743
Oregon,44,714
Oregon,45,756
Oregon,46,756
Oregon,47,702
Oregon,48,737
Oregon,49,714
Oregon,50,760
Oregon,51,745
Oregon,52,741
Pennsylvania,1,2721
Pennsylvania,2,2726
Pennsylvania,3,2804
Pennsylvania,4,2913
Pennsylvania,5,2804
Pennsylvania,6,2810
Pennsylvania,7,2763
Pennsylvania,8,2801
Pennsylvania,9,2679
Pennsylvania,10,2804
Pennsylvania,11,2805
Pennsylvania,12,2707
Pennsylvania,13,2717
Pennsylvania,14,2628
Pennsylvania,15,2704
Pennsylvania,16,2644
Pennsylvania,17,2444
Pennsylvania,18,2474
Pennsylvania,19,2492
Pennsylvania,20,2610
Pennsylvania,21,2492
Pennsylvania,22,2454
Pennsylvania,23,2482
Pennsylvania,24,2465
Pennsylvania,25,2427
Pennsylvania,26,2444
Pennsylvania,27,2465
Pennsylvania,28,2377
Pennsylvania,29,2426
Pennsylvania,30,2469
Pennsylvania,31,2379
Pennsylvania,32,2468
Pennsylvania,33,2433
Pennsylvania,34,2395
Pennsylvania,35,2372
Pennsylvania,36,2399
Pennsylvania,37,2418
Pennsylvania,38,2456
Pennsylvania,39,2480
Pennsylvania,40,2424
Pennsylvania,41,2484
Pennsylvania,42,2670
Pennsylvania,43,2583
Pennsylvania,44,2602
Pennsylvania,45,2632
Pennsylvania,46,2727
Pennsylvania,47,2608
Pennsylvania,48,2669
Pennsylvania,49,2723
Pennsylvania,50,2783
Pennsylvania,51,2797
Pennsylvania,52,2770
Puerto Rico,1,664
Puerto Rico,2,612
Puerto Rico,3,637
Puerto Rico,4,630
Puerto Rico,5,625
Puerto Rico,6,622
Puerto Rico,7,629
Puerto Rico,8,576
Puerto Rico,9,590
Puerto Rico,10,573
Puerto Rico,11,558
Puerto Rico,12,571
Puerto Rico,13,531
Puerto Rico,14,522
Puerto Rico,15,527
Puerto Rico,16,536
Puerto Rico,17,571
Puerto Rico,18,570
Puerto Rico,19,533
Puerto Rico,20,580
Puerto Rico,21,615
Puerto Rico,22,580
Puerto Rico,23,584
Puerto Rico,24,567
Puerto Rico,25,587
Puerto Rico,26,599
Puerto Rico,27,592
Puerto Rico,28,589
Puerto Rico,29,572
Puerto Rico,30,519
Puerto Rico,31,515
Puerto Rico,32,541
Puerto Rico,33,565
Puerto Rico,34,528
Puerto Rico,35,541
Puerto Rico,36,516
Puerto Rico,37,568
Puerto Rico,38,550
Puerto Rico,39,558
Puerto Rico,40,516
Puerto Rico,41,525
Puerto Rico,42,568
Puerto Rico,43,528
Puerto Rico,44,534
Puerto Rico,45,589
Puerto Rico,46,549
Puerto Rico,47,581
Puerto Rico,48,625
Puerto Rico,49,558
Puerto Rico,50,532
Puerto Rico,51,579
Puerto Rico,52,556
Rhode Island,1,203
Rhode Island,2,226
Rhode Island,3,240
Rhode Island,4,220
Rhode Island,5,228
Rhode Island,6,229
Rhode Island,7,206
Rhode Island,8,210
Rhode Island,9,202
Rhode Island,10,238
Rhode Island,11,225
Rhode Island,12,208
Rhode Island,13,193
Rhode Island,14,220
Rhode Island,15,203
Rhode Island,16,200
Rhode Island,17,168
Rhode Island,18,213
Rhode Island,19,197
Rhode Island,20,220
Rhode Island,21,190
Rhode Island,22,163
Rhode Island,23,201
Rhode Island,24,175
Rhode Island,25,207
Rhode Island,26,191
Rhode Island,27,204
Rhode Island,28,182
Rhode Island,29,197
Rhode Island,30,187
Rhode Island,31,180
Rhode Island,32,199
Rhode Island,33,188
Rhode Island,34,196
Rhode Island,35,203
Rhode Island,36,180
Rhode Island,37,205
Rhode Island,38,192
Rhode Island,39,209
Rhode Island,40,203
Rhode Island,41,201
Rhode Island,42,203
Rhode Island,43,188
Rhode Island,44,190
Rhode Island,45,190
Rhode Island,46,192
Rhode Island,47,233
Rhode Island,48,211
Rhode Island,49,220
Rhode Island,50,192
Rhode Island,51,219
Rhode Island,52,221
South Carolina,1,990
South Carolina,2,999
South Carolina,3,1034
South Carolina,4,1034
South Carolina,5,1015
South Carolina,6,1037
South Carolina,7,1000
South Carolina,8,1036
South Carolina,9,936
South Carolina,10,1006
South Carolina,11,1005
South Carolina,12,1044
South Carolina,13,931
South Carolina,14,983
South Carolina,15,925
South Carolina,16,889
South Carolina,17,937
South Carolina,18,973
South Carolina,19,938
South Carolina,20,996
South Carolina,21,968
South Carolina,22,937
South Carolina,23,920
South Carolina,24,964
South Carolina,25,959
South Carolina,26,889
South Carolina,27,936
South Carolina,28,855
South Carolina,29,916
South Carolina,30,910
South Carolina,31,864
South Carolina,32,959
South Carolina,33,887
South Carolina,34,911
South Carolina,35,901
South Carolina,36,930
South Carolina,37,902
South Carolina,38,921
South Carolina,39,938
South Carolina,40,940
South Carolina,41,901
South Carolina,42,891
South Carolina,43,970
South Carolina,44,953
South Carolina,45,933
South Carolina,46,947
South Carolina,47,963
South Carolina,48,1010
South Carolina,49,1052
South Carolina,50,1048
South Carolina,51,1037
South Carolina,52,1022
South Dakota,1,169
South Dakota,2,161
South Dakota,3,151
South Dakota,4,164
South Dakota,5,185
South Dakota,6,149
South Dakota,7,182
South Dakota,8,157
South Dakota,9,162
South Dakota,10,176
South Dakota,11,177
South Dakota,12,162
South Dakota,13,142
South Dakota,14,167
South Dakota,15,157
South Dakota,16,187
South Dakota,17,149
South Dakota,18,184
South Dakota,19,165
South Dakota,20,133
South Dakota,21,175
South Dakota,22,152
South Dakota,23,149
South Dakota,24,154
South Dakota,25,152
South Dakota,26,163
South Dakota,27,151
South Dakota,28,152
South Dakota,29,130
South Dakota,30,146
South Dakota,31,171
South Dakota,32,160
South Dakota,33,154
South Dakota,34,176
South Dakota,35,158
South Dakota,36,166
South Dakota,37,139
South Dakota,38,166
South Dakota,39,164
South Dakota,40,162
South Dakota,41,148
South Dakota,42,166
South Dakota,43,164
South Dakota,44,169
South Dakota,45,174
South Dakota,46,184
South Dakota,47,175
South Dakota,48,146
South Dakota,49,172
South Dakota,50,151
South Dakota,51,151
South Dakota,52,155
Tennessee,1,1575
Tennessee,2,1489
Tennessee,3,1486
Tennessee,4,1482
Tennessee,5,1488
Tennessee,6,1544
Tennessee,7,1547
Tennessee,8,1540
Tennessee,9,1500
Tennessee,10,1481
Tennessee,11,1449
Tennessee,12,1471
Tennessee,13,1479
Tennessee,14,1561
Tennessee,15,1494
Tennessee,16,1458
Tennessee,17,1518
Tennessee,18,1402
Tennessee,19,1416
Tennessee,20,1441
Tennessee,21,1486
Tennessee,22,1461
Tennessee,23,1446
Tennessee,24,1419
Tennessee,25,1369
Tennessee,26,1407
Tennessee,27,1451
Tennessee,28,1317
Tennessee,29,1350
Tennessee,30,1347
Tennessee,31,1388
Tennessee,32,1370
Tennessee,33,1345
Tennessee,34,1387
Tennessee,35,1377
Tennessee,36,1369
Tennessee,37,1408
Tennessee,38,1391
Tennessee,39,1390
Tennessee,40,1387
Tennessee,41,1365
Tennessee,42,1441
Tennessee,43,1523
Tennessee,44,1372
Tennessee,45,1480
Tennessee,46,1471
Tennessee,47,1498
Tennessee,48,1460
Tennessee,49,1574
Tennessee,50,1549
Tennessee,51,1515
Tennessee,52,1628
Texas,1,4285
Texas,2,4287
Texas,3,4173
Texas,4,4103
Texas,5,4198
Texas,6,4134
Texas,7,4201
Texas,8,4139
Texas,9,4005
Texas,10,4274
Texas,11,4199
Texas,12,4189
Texas,13,3964
Texas,14,3910
Texas,15,3973
Texas,16,3923
Texas,17,3834
Texas,18,3841
Texas,19,3749
Texas,20,3779
Texas,21,3805
Texas,22,3820
Texas,23,3943
Texas,24,3711
Texas,25,3804
Texas,26,3747
Texas,27,3845
Texas,28,3796
Texas,29,3687
Texas,30,3699
Texas,31,3843
Texas,32,3798
Texas,33,3745
Texas,34,3712
Texas,35,3702
Texas,36,3784
Texas,37,3747
Texas,38,3572
Texas,39,3807
Texas,40,3860
Texas,41,3874
Texas,42,3953
Texas,43,3928
Texas,44,4031
Texas,45,4054
Texas,46,4043
Texas,47,4225
Texas,48,4126
Texas,49,4088
Texas,50,4299
Texas,51,4290
Texas,52,4339
United States,1,58463
United States,2,58525
United States,3,58354
United States,4,58034
United States,5,58278
United States,6,58653
United States,7,58129
United States,8,58136
United States,9,58074
United States,10,58670
United States,11,58023
United States,12,57234
United States,13,56776
United States,14,56729
United States,15,55636
United States,16,54590
United States,17,53770
United States,18,54129
United States,19,53602
United States,20,53685
United States,21,53829
United States,22,52858
United States,23,53301
United States,24,52793
United States,25,52428
United States,26,52325
United States,27,52505
United States,28,52090
United States,29,51796
United States,30,51803
United States,31,51549
United States,32,51856
United States,33,51141
United States,34,51149
United States,35,51296
United States,36,51969
United States,37,51748
United States,38,51910
United States,39,52876
United States,40,52683
United States,41,53220
United States,42,54437
United States,43,54160
United States,44,54214
United States,45,55802
United States,46,56036
United States,47,56332
United States,48,55602
United States,49,57417
United States,50,57776
United States,51,57598
United States,52,58618
Utah,1,396
Utah,2,419
Utah,3,392
Utah,4,408
Utah,5,374
Utah,6,377
Utah,7,368
Utah,8,388
Utah,9,403
Utah,10,427
Utah,11,385
Utah,12,386
Utah,13,373
Utah,14,380
Utah,15,396
Utah,16,384
Utah,17,329
Utah,18,379
Utah,19,393
Utah,20,380
Utah,21,387
Utah,22,356
Utah,23,358
Utah,24,353
Utah,25,360
Utah,26,359
Utah,27,346
Utah,28,337
Utah,29,371
Utah,30,353
Utah,31,359
Utah,32,317
Utah,33,343
Utah,34,365
Utah,35,352
Utah,36,367
Utah,37,330
Utah,38,340
Utah,39,375
Utah,40,335
Utah,41,370
Utah,42,367
Utah,43,366
Utah,44,368
Utah,45,366
Utah,46,352
Utah,47,409
Utah,48,388
Utah,49,385
Utah,50,402
Utah,51,391
Utah,52,399
Vermont,1,105
Vermont,2,122
Vermont,3,111
Vermont,4,113
Vermont,5,117
Vermont,6,103
Vermont,7,127
Vermont,8,120
Vermont,9,107
Vermont,10,121
Vermont,11,115
Vermont,12,117
Vermont,13,120
Vermont,14,140
Vermont,15,106
Vermont,16,99
Vermont,17,128
Vermont,18,108
Vermont,19,86
Vermont,20,95
Vermont,21,108
Vermont,22,112
Vermont,23,97
Vermont,24,108
Vermont,25,119
Vermont,26,110
Vermont,27,110
Vermont,28,77
Vermont,29,98
Vermont,30,106
Vermont,31,105
Vermont,32,103
Vermont,33,105
Vermont,34,92
Vermont,35,95
Vermont,36,98
Vermont,37,89
Vermont,38,89
Vermont,39,123
Vermont,40,101
Vermont,41,104
Vermont,42,114
Vermont,43,110
Vermont,44,108
Vermont,45,122
Vermont,46,105
Vermont,47,125
Vermont,48,110
Vermont,49,100
Vermont,50,107
Vermont,51,135
Vermont,52,108
Virginia,1,1279
Virginia,2,1396
Virginia,3,1367
Virginia,4,1389
Virginia,5,1416
Virginia,6,1427
Virginia,7,1385
Virginia,8,1389
Virginia,9,1502
Virginia,10,1395
Virginia,11,1384
Virginia,12,1417
Virginia,13,1359
Virginia,14,1426
Virginia,15,1376
Virginia,16,1333
Virginia,17,1268
Virginia,18,1311
Virginia,19,1313
Virginia,20,1298
Virginia,21,1275
Virginia,22,1316
Virginia,23,1313
Virginia,24,1282
Virginia,25,1332
Virginia,26,1292
Virginia,27,1265
Virginia,28,1306
Virginia,29,1263
Virginia,30,1285
Virginia,31,1246
Virginia,32,1295
Virginia,33,1266
Virginia,34,1260
Virginia,35,1283
Virginia,36,1246
Virginia,37,1221
Virginia,38,1295
Virginia,39,1332
Virginia,40,1264
Virginia,41,1244
Virginia,42,1293
Virginia,43,1289
Virginia,44,1345
Virginia,45,1276
Virginia,46,1325
Virginia,47,1326
Virginia,48,1447
Virginia,49,1358
Virginia,50,1409
Virginia,51,1423
Virginia,52,1417
Washington,1,1215
Washington,2,1236
Washington,3,1169
Washington,4,1132
Washington,5,1131
Washington,6,1186
Washington,7,1267
Washington,8,1223
Washington,9,1151
Washington,10,1208
Washington,11,1220
Washington,12,1243
Washington,13,1129
Washington,14,1189
Washington,15,1147
Washington,16,1143
Washington,17,1036
Washington,18,1124
Washington,19,1175
Washington,20,1142
Washington,21,1085
Washington,22,1053
Washington,23,1079
Washington,24,1113
Washington,25,1041
Washington,26,1064
Washington,27,1012
Washington,28,1109
Washington,29,1075
Washington,30,1048
Washington,31,1061
Washington,32,1044
Washington,33,1049
Washington,34,1008
Washington,35,1003
Washington,36,1071
Washington,37,992
Washington,38,1036
Washington,39,1038
Washington,40,1069
Washington,41,1110
Washington,42,1084
Washington,43,1166
Washington,44,1150
Washington,45,1128
Washington,46,1114
Washington,47,1073
Washington,48,1090
Washington,49,1157
Washington,50,1140
Washington,51,1185
Washington,52,1114
West Virginia,1,470
West Virginia,2,468
West Virginia,3,487
West Virginia,4,494
West Virginia,5,464
West Virginia,6,436
West Virginia,7,488
West Virginia,8,409
West Virginia,9,489
West Virginia,10,453
West Virginia,11,455
West Virginia,12,469
West Virginia,13,494
West Virginia,14,467
West Virginia,15,451
West Virginia,16,451
West Virginia,17,431
West Virginia,18,437
West Virginia,19,440
West Virginia,20,414
West Virginia,21,446
West Virginia,22,455
West Virginia,23,406
West Virginia,24,441
West Virginia,25,415
West Virginia,26,455
West Virginia,27,402
West Virginia,28,401
West Virginia,29,368
West Virginia,30,442
West Virginia,31,423
West Virginia,32,383
West Virginia,33,411
West Virginia,34,393
West Virginia,35,387
West Virginia,36,420
West Virginia,37,449
West Virginia,38,398
West Virginia,39,422
West Virginia,40,437
West Virginia,41,441
West Virginia,42,469
West Virginia,43,412
West Virginia,44,445
West Virginia,45,446
West Virginia,46,414
West Virginia,47,461
West Virginia,48,418
West Virginia,49,458
West Virginia,50,461
West Virginia,51,469
West Virginia,52,414
Wisconsin,1,1115
Wisconsin,2,1056
Wisconsin,3,1088
Wisconsin,4,1103
Wisconsin,5,1144
Wisconsin,6,1033
Wisconsin,7,1078
Wisconsin,8,1014
Wisconsin,9,1031
Wisconsin,10,1089
Wisconsin,11,1078
Wisconsin,12,1062
Wisconsin,13,1000
Wisconsin,14,1055
Wisconsin,15,1051
Wisconsin,16,997
Wisconsin,17,1027
Wisconsin,18,1002
Wisconsin,19,1045
Wisconsin,20,1011
Wisconsin,21,1048
Wisconsin,22,969
Wisconsin,23,987
Wisconsin,24,931
Wisconsin,25,986
Wisconsin,26,1003
Wisconsin,27,910
Wisconsin,28,986
Wisconsin,29,997
Wisconsin,30,1026
Wisconsin,31,976
Wisconsin,32,997
Wisconsin,33,989
Wisconsin,34,958
Wisconsin,35,1049
Wisconsin,36,1054
Wisconsin,37,987
Wisconsin,38,969
Wisconsin,39,1042
Wisconsin,40,966
Wisconsin,41,1093
Wisconsin,42,1095
Wisconsin,43,1105
Wisconsin,44,1065
Wisconsin,45,1079
Wisconsin,46,1043
Wisconsin,47,1074
Wisconsin,48,1040
Wisconsin,49,1090
Wisconsin,50,1111
Wisconsin,51,1056
Wisconsin,52,1091
Wyoming,1,97
Wyoming,2,106
Wyoming,3,81
Wyoming,4,95
Wyoming,5,74
Wyoming,6,100
Wyoming,7,93
Wyoming,8,87
Wyoming,9,84
Wyoming,10,101
Wyoming,11,111
Wyoming,12,90
Wyoming,13,87
Wyoming,14,89
Wyoming,15,70
Wyoming,16,88
Wyoming,17,85
Wyoming,18,83
Wyoming,19,111
Wyoming,20,86
Wyoming,21,95
Wyoming,22,88
Wyoming,23,79
Wyoming,24,73
Wyoming,25,94
Wyoming,26,84
Wyoming,27,98
Wyoming,28,86
Wyoming,29,74
Wyoming,30,97
Wyoming,31,74
Wyoming,32,83
Wyoming,33,71
Wyoming,34,78
Wyoming,35,89
Wyoming,36,98
Wyoming,37,101
Wyoming,38,83
Wyoming,39,105
Wyoming,40,88
Wyoming,41,85
Wyoming,42,95
Wyoming,43,97
Wyoming,44,93
Wyoming,45,86
Wyoming,46,94
Wyoming,47,83
Wyoming,48,110
Wyoming,49,87
Wyoming,50,90
Wyoming,51,110
Wyoming,52,88
